Sport,Game,Bet,Book,Odds,EV,Timestamp
NBA,Detroit Pistons @ Washington Wizards,Washington Wizards,BetMGM,1200,15.35%,2026-03-17 13:43
NBA,Detroit Pistons @ Washington Wizards,Washington Wizards,Bovada,1100,6.48%,2026-03-17 13:43
NCAAB,South Alabama Jaguars @ Auburn Tigers,South Alabama Jaguars,FanDuel,1400,16.59%,2026-03-17 13:43
NCAAB,Troy Trojans @ Nebraska Cornhuskers,Troy Trojans,FanDuel,740,6.08%,2026-03-17 13:43
NCAAB,McNeese Cowboys @ Vanderbilt Commodores,McNeese Cowboys,FanDuel,570,16.04%,2026-03-17 13:43
NCAAB,North Dakota St Bison @ Michigan St Spartans,North Dakota St Bison,FanDuel,1100,6.93%,2026-03-17 13:43
NCAAB,Hawai'i Rainbow Warriors @ Arkansas Razorbacks,Hawai'i Rainbow Warriors,FanDuel,860,3.11%,2026-03-17 13:43
NCAAB,VCU Rams @ North Carolina Tar Heels,VCU Rams,Bovada,135,2.92%,2026-03-17 13:43
NCAAB,Pennsylvania Quakers @ Illinois Fighting Illini,Pennsylvania Quakers,BetRivers,2200,5.54%,2026-03-17 13:43
NCAAB,Pennsylvania Quakers @ Illinois Fighting Illini,Pennsylvania Quakers,BetMGM,2500,19.31%,2026-03-17 13:43
NCAAB,Kennesaw St Owls @ Gonzaga Bulldogs,Kennesaw St Owls,FanDuel,1600,5.45%,2026-03-17 13:43
NCAAB,Idaho Vandals @ Houston Cougars,Idaho Vandals,DraftKings,2200,5.54%,2026-03-17 13:43
NCAAB,Idaho Vandals @ Houston Cougars,Idaho Vandals,BetMGM,2500,19.31%,2026-03-17 13:43
NCAAB,Wright St Raiders @ Virginia Cavaliers,Wright St Raiders,FanDuel,1400,10.28%,2026-03-17 13:43
NCAAB,Wright St Raiders @ Virginia Cavaliers,Wright St Raiders,DraftKings,1300,2.93%,2026-03-17 13:43
NCAAB,Tennessee St Tigers @ Iowa State Cyclones,Tennessee St Tigers,DraftKings,2200,5.54%,2026-03-17 13:43
NCAAB,Tennessee St Tigers @ Iowa State Cyclones,Tennessee St Tigers,BetMGM,2500,19.31%,2026-03-17 13:43
NCAAB,Queens University Royals @ Purdue Boilermakers,Queens University Royals,BetMGM,2800,19.12%,2026-03-17 13:43
NCAAB,Cal Baptist Lancers @ Kansas Jayhawks,Cal Baptist Lancers,FanDuel,890,11.45%,2026-03-17 13:43
NCAAB,Furman Paladins @ UConn Huskies,Furman Paladins,FanDuel,2000,22.26%,2026-03-17 13:43
NCAAB,Furman Paladins @ UConn Huskies,Furman Paladins,DraftKings,1700,4.79%,2026-03-17 13:43
NBA,Detroit Pistons @ Washington Wizards,Washington Wizards,BetMGM,1200,15.35%,2026-03-17 13:43
NBA,Detroit Pistons @ Washington Wizards,Washington Wizards,Bovada,1100,6.48%,2026-03-17 13:43
NCAAB,South Alabama Jaguars @ Auburn Tigers,South Alabama Jaguars,FanDuel,1400,16.59%,2026-03-17 13:44
NCAAB,Troy Trojans @ Nebraska Cornhuskers,Troy Trojans,FanDuel,740,6.08%,2026-03-17 13:44
NCAAB,McNeese Cowboys @ Vanderbilt Commodores,McNeese Cowboys,FanDuel,570,16.04%,2026-03-17 13:44
NCAAB,North Dakota St Bison @ Michigan St Spartans,North Dakota St Bison,FanDuel,1100,6.93%,2026-03-17 13:44
NCAAB,Hawai'i Rainbow Warriors @ Arkansas Razorbacks,Hawai'i Rainbow Warriors,FanDuel,860,3.11%,2026-03-17 13:44
NCAAB,VCU Rams @ North Carolina Tar Heels,VCU Rams,Bovada,135,2.92%,2026-03-17 13:44
NCAAB,Pennsylvania Quakers @ Illinois Fighting Illini,Pennsylvania Quakers,BetRivers,2200,5.54%,2026-03-17 13:44
NCAAB,Pennsylvania Quakers @ Illinois Fighting Illini,Pennsylvania Quakers,BetMGM,2500,19.31%,2026-03-17 13:44
NCAAB,Kennesaw St Owls @ Gonzaga Bulldogs,Kennesaw St Owls,FanDuel,1600,5.45%,2026-03-17 13:44
NCAAB,Idaho Vandals @ Houston Cougars,Idaho Vandals,DraftKings,2200,5.54%,2026-03-17 13:44
NCAAB,Idaho Vandals @ Houston Cougars,Idaho Vandals,BetMGM,2500,19.31%,2026-03-17 13:44
NCAAB,Wright St Raiders @ Virginia Cavaliers,Wright St Raiders,FanDuel,1400,10.28%,2026-03-17 13:44
NCAAB,Wright St Raiders @ Virginia Cavaliers,Wright St Raiders,DraftKings,1300,2.93%,2026-03-17 13:44
NCAAB,Tennessee St Tigers @ Iowa State Cyclones,Tennessee St Tigers,DraftKings,2200,5.54%,2026-03-17 13:44
NCAAB,Tennessee St Tigers @ Iowa State Cyclones,Tennessee St Tigers,BetMGM,2500,19.31%,2026-03-17 13:44
NCAAB,Queens University Royals @ Purdue Boilermakers,Queens University Royals,BetMGM,2800,19.12%,2026-03-17 13:44
NCAAB,Cal Baptist Lancers @ Kansas Jayhawks,Cal Baptist Lancers,FanDuel,890,11.45%,2026-03-17 13:44
NCAAB,Furman Paladins @ UConn Huskies,Furman Paladins,FanDuel,2000,22.26%,2026-03-17 13:44
NCAAB,Furman Paladins @ UConn Huskies,Furman Paladins,DraftKings,1700,4.79%,2026-03-17 13:44
Tennis (ATP Miami),Joao Fonseca @ Fabian Marozsan,Fabian Marozsan,FanDuel,250,3.22%,2026-03-17 13:44
Soccer (EPL),Manchester United @ Bournemouth,Bournemouth,BetRivers,205,23.36%,2026-03-17 13:45
Soccer (EPL),Liverpool @ Brighton and Hove Albion,Liverpool,FanDuel,115,23.09%,2026-03-17 13:45
Soccer (EPL),Liverpool @ Brighton and Hove Albion,Liverpool,BetRivers,118,24.8%,2026-03-17 13:45
Soccer (EPL),Liverpool @ Brighton and Hove Albion,Liverpool,Bovada,118,24.8%,2026-03-17 13:45
Soccer (EPL),Liverpool @ Brighton and Hove Albion,Liverpool,BetUS,118,24.8%,2026-03-17 13:45
Soccer (EPL),Burnley @ Fulham,Burnley,MyBookie.ag,460,17.14%,2026-03-17 13:45
Soccer (EPL),Burnley @ Fulham,Fulham,MyBookie.ag,-185,21.83%,2026-03-17 13:45
Soccer (EPL),Burnley @ Fulham,Burnley,FanDuel,490,23.42%,2026-03-17 13:45
Soccer (EPL),Burnley @ Fulham,Fulham,FanDuel,-195,19.64%,2026-03-17 13:45
Soccer (EPL),Burnley @ Fulham,Fulham,BetRivers,-190,20.7%,2026-03-17 13:45
Soccer (EPL),Burnley @ Fulham,Burnley,Bovada,475,20.28%,2026-03-17 13:45
Soccer (EPL),Burnley @ Fulham,Burnley,DraftKings,475,20.28%,2026-03-17 13:45
Soccer (EPL),Burnley @ Fulham,Fulham,DraftKings,-175,24.27%,2026-03-17 13:45
Soccer (EPL),Burnley @ Fulham,Fulham,BetMGM,-185,21.83%,2026-03-17 13:45
Soccer (EPL),Burnley @ Fulham,Burnley,BetUS,475,20.28%,2026-03-17 13:45
Soccer (EPL),Chelsea @ Everton,Everton,MyBookie.ag,234,21.29%,2026-03-17 13:45
Soccer (EPL),Chelsea @ Everton,Everton,FanDuel,240,23.47%,2026-03-17 13:45
Soccer (EPL),Sunderland @ Newcastle United,Sunderland,MyBookie.ag,390,16.32%,2026-03-17 13:45
Soccer (EPL),Sunderland @ Newcastle United,Newcastle United,MyBookie.ag,-159,24.22%,2026-03-17 13:45
Soccer (EPL),Sunderland @ Newcastle United,Newcastle United,FanDuel,-170,21.12%,2026-03-17 13:45
Soccer (EPL),Sunderland @ Newcastle United,Newcastle United,BetRivers,-165,22.48%,2026-03-17 13:45
Soccer (EPL),Sunderland @ Newcastle United,Sunderland,Bovada,425,24.63%,2026-03-17 13:45
Soccer (EPL),Sunderland @ Newcastle United,Newcastle United,Bovada,-157,24.84%,2026-03-17 13:45
Soccer (EPL),Sunderland @ Newcastle United,Sunderland,DraftKings,425,24.63%,2026-03-17 13:45
Soccer (EPL),Sunderland @ Newcastle United,Sunderland,BetMGM,400,18.69%,2026-03-17 13:45
Soccer (EPL),Sunderland @ Newcastle United,Sunderland,BetUS,425,24.63%,2026-03-17 13:45
Soccer (EPL),Sunderland @ Newcastle United,Newcastle United,BetUS,-157,24.84%,2026-03-17 13:45
Soccer (EPL),West Ham United @ Aston Villa,West Ham United,MyBookie.ag,260,18.62%,2026-03-17 13:45
Soccer (EPL),West Ham United @ Aston Villa,West Ham United,BetMGM,275,23.56%,2026-03-17 13:45
Soccer (EPL),Wolverhampton Wanderers @ West Ham United,Wolverhampton Wanderers,MyBookie.ag,310,11.0%,2026-03-17 13:45
Soccer (EPL),Wolverhampton Wanderers @ West Ham United,Wolverhampton Wanderers,FanDuel,310,11.0%,2026-03-17 13:45
Soccer (EPL),Wolverhampton Wanderers @ West Ham United,Wolverhampton Wanderers,DraftKings,320,13.71%,2026-03-17 13:45
Soccer (EPL),Wolverhampton Wanderers @ West Ham United,Wolverhampton Wanderers,BetRivers,340,19.12%,2026-03-17 13:45
Soccer (EPL),Wolverhampton Wanderers @ West Ham United,Wolverhampton Wanderers,Bovada,340,19.12%,2026-03-17 13:45
Soccer (EPL),Bournemouth @ Arsenal,Arsenal,FanDuel,-290,18.66%,2026-03-17 13:45
Soccer (EPL),Bournemouth @ Arsenal,Arsenal,MyBookie.ag,-295,18.15%,2026-03-17 13:45
Soccer (EPL),Bournemouth @ Arsenal,Arsenal,DraftKings,-310,16.7%,2026-03-17 13:45
Soccer (EPL),Bournemouth @ Arsenal,Bournemouth,BetRivers,800,5.88%,2026-03-17 13:45
Soccer (EPL),Bournemouth @ Arsenal,Arsenal,BetRivers,-315,16.25%,2026-03-17 13:45
Soccer (EPL),Bournemouth @ Arsenal,Bournemouth,Bovada,825,8.82%,2026-03-17 13:45
Soccer (EPL),Bournemouth @ Arsenal,Arsenal,Bovada,-320,15.81%,2026-03-17 13:45
Soccer (EPL),Bournemouth @ Arsenal,Bournemouth,BetOnline.ag,900,17.65%,2026-03-17 13:45
Soccer (EPL),Bournemouth @ Arsenal,Arsenal,BetOnline.ag,-300,17.65%,2026-03-17 13:45
Soccer (EPL),Brighton and Hove Albion @ Burnley,Brighton and Hove Albion,MyBookie.ag,-126,24.57%,2026-03-17 13:45
Soccer (EPL),Brighton and Hove Albion @ Burnley,Burnley,MyBookie.ag,300,22.2%,2026-03-17 13:45
Soccer (EPL),Brighton and Hove Albion @ Burnley,Burnley,DraftKings,300,22.2%,2026-03-17 13:45
Soccer (EPL),Fulham @ Liverpool,Fulham,FanDuel,480,18.41%,2026-03-17 13:45
Soccer (EPL),Fulham @ Liverpool,Liverpool,FanDuel,-200,19.38%,2026-03-17 13:45
Soccer (EPL),Fulham @ Liverpool,Fulham,MyBookie.ag,420,6.16%,2026-03-17 13:45
Soccer (EPL),Fulham @ Liverpool,Liverpool,MyBookie.ag,-198,19.78%,2026-03-17 13:45
Soccer (EPL),Fulham @ Liverpool,Fulham,DraftKings,450,12.28%,2026-03-17 13:45
Soccer (EPL),Fulham @ Liverpool,Liverpool,DraftKings,-200,19.38%,2026-03-17 13:45
Soccer (EPL),Fulham @ Liverpool,Fulham,BetRivers,480,18.41%,2026-03-17 13:45
Soccer (EPL),Fulham @ Liverpool,Liverpool,BetRivers,-210,17.48%,2026-03-17 13:45
Soccer (EPL),Fulham @ Liverpool,Fulham,Bovada,475,17.39%,2026-03-17 13:45
Soccer (EPL),Fulham @ Liverpool,Liverpool,Bovada,-197,19.98%,2026-03-17 13:45
Soccer (EPL),Fulham @ Liverpool,Fulham,BetOnline.ag,495,21.47%,2026-03-17 13:45
Soccer (EPL),Fulham @ Liverpool,Liverpool,BetOnline.ag,-190,21.47%,2026-03-17 13:45
Soccer (EPL),Manchester City @ Chelsea,Manchester City,FanDuel,135,24.57%,2026-03-17 13:45
Soccer (EPL),Manchester City @ Chelsea,Manchester City,MyBookie.ag,134,24.04%,2026-03-17 13:45
Soccer (EPL),Manchester City @ Chelsea,Chelsea,MyBookie.ag,166,24.99%,2026-03-17 13:45
Soccer (EPL),Manchester City @ Chelsea,Manchester City,DraftKings,135,24.57%,2026-03-17 13:45
Soccer (EPL),Manchester City @ Chelsea,Chelsea,DraftKings,165,24.52%,2026-03-17 13:45
Soccer (EPL),Manchester City @ Chelsea,Chelsea,BetRivers,165,24.52%,2026-03-17 13:45
Soccer (EPL),Leeds United @ Manchester United,Leeds United,MyBookie.ag,400,7.32%,2026-03-17 13:45
Soccer (EPL),Leeds United @ Manchester United,Manchester United,MyBookie.ag,-170,24.73%,2026-03-17 13:45
Soccer (EPL),Leeds United @ Manchester United,Leeds United,FanDuel,440,15.9%,2026-03-17 13:45
Soccer (EPL),Leeds United @ Manchester United,Manchester United,FanDuel,-170,24.73%,2026-03-17 13:45
Soccer (EPL),Leeds United @ Manchester United,Leeds United,DraftKings,400,7.32%,2026-03-17 13:45
Soccer (EPL),Leeds United @ Manchester United,Manchester United,DraftKings,-175,23.41%,2026-03-17 13:45
Soccer (EPL),Leeds United @ Manchester United,Leeds United,BetRivers,440,15.9%,2026-03-17 13:45
Soccer (EPL),Leeds United @ Manchester United,Manchester United,BetRivers,-175,23.41%,2026-03-17 13:45
Soccer (EPL),Leeds United @ Manchester United,Leeds United,Bovada,440,15.9%,2026-03-17 13:45
Soccer (EPL),Leeds United @ Manchester United,Manchester United,Bovada,-176,23.16%,2026-03-17 13:45
Soccer (EPL),Leeds United @ Manchester United,Leeds United,BetOnline.ag,475,23.41%,2026-03-17 13:45
Soccer (EPL),Leeds United @ Manchester United,Manchester United,BetOnline.ag,-175,23.41%,2026-03-17 13:45
Soccer (MLS),Columbus Crew SC @ Toronto FC,Columbus Crew SC,Bovada,157,23.58%,2026-03-17 13:45
Soccer (MLS),Columbus Crew SC @ Toronto FC,Columbus Crew SC,DraftKings,155,22.61%,2026-03-17 13:45
Soccer (MLS),Columbus Crew SC @ Toronto FC,Columbus Crew SC,BetRivers,155,22.61%,2026-03-17 13:45
Soccer (MLS),Columbus Crew SC @ Toronto FC,Columbus Crew SC,BetUS,157,23.58%,2026-03-17 13:45
Soccer (MLS),Chicago Fire @ Philadelphia Union,Chicago Fire,MyBookie.ag,218,22.52%,2026-03-17 13:45
Soccer (MLS),Chicago Fire @ Philadelphia Union,Chicago Fire,FanDuel,220,23.29%,2026-03-17 13:45
Soccer (MLS),Orlando City SC @ Nashville SC,Orlando City SC,MyBookie.ag,360,13.69%,2026-03-17 13:45
Soccer (MLS),Orlando City SC @ Nashville SC,Nashville SC,MyBookie.ag,-161,22.05%,2026-03-17 13:45
Soccer (MLS),Orlando City SC @ Nashville SC,Orlando City SC,FanDuel,380,18.63%,2026-03-17 13:45
Soccer (MLS),Orlando City SC @ Nashville SC,Nashville SC,FanDuel,-170,19.57%,2026-03-17 13:45
Soccer (MLS),Orlando City SC @ Nashville SC,Orlando City SC,Bovada,375,17.4%,2026-03-17 13:45
Soccer (MLS),Orlando City SC @ Nashville SC,Nashville SC,Bovada,-162,21.76%,2026-03-17 13:45
Soccer (MLS),Orlando City SC @ Nashville SC,Orlando City SC,DraftKings,350,11.22%,2026-03-17 13:45
Soccer (MLS),Orlando City SC @ Nashville SC,Nashville SC,DraftKings,-170,19.57%,2026-03-17 13:45
Soccer (MLS),Orlando City SC @ Nashville SC,Orlando City SC,BetOnline.ag,395,22.34%,2026-03-17 13:45
Soccer (MLS),Orlando City SC @ Nashville SC,Nashville SC,BetOnline.ag,-160,22.34%,2026-03-17 13:45
Soccer (MLS),Orlando City SC @ Nashville SC,Orlando City SC,BetRivers,390,21.1%,2026-03-17 13:45
Soccer (MLS),Orlando City SC @ Nashville SC,Nashville SC,BetRivers,-167,20.37%,2026-03-17 13:45
Soccer (MLS),Orlando City SC @ Nashville SC,Orlando City SC,BetUS,375,17.4%,2026-03-17 13:45
Soccer (MLS),Orlando City SC @ Nashville SC,Nashville SC,BetUS,-162,21.76%,2026-03-17 13:45
Soccer (MLS),D.C. United @ Atlanta United FC,D.C. United,FanDuel,260,22.7%,2026-03-17 13:45
Soccer (MLS),D.C. United @ Atlanta United FC,D.C. United,DraftKings,255,21.0%,2026-03-17 13:45
Soccer (MLS),New York Red Bulls @ Charlotte FC,New York Red Bulls,MyBookie.ag,255,22.77%,2026-03-17 13:45
Soccer (MLS),New York Red Bulls @ Charlotte FC,New York Red Bulls,FanDuel,240,17.59%,2026-03-17 13:45
Soccer (MLS),Colorado Rapids @ Sporting Kansas City,Colorado Rapids,MyBookie.ag,180,20.29%,2026-03-17 13:45
Soccer (MLS),Colorado Rapids @ Sporting Kansas City,Colorado Rapids,FanDuel,180,20.29%,2026-03-17 13:45
Soccer (MLS),Colorado Rapids @ Sporting Kansas City,Colorado Rapids,DraftKings,185,22.43%,2026-03-17 13:45
Soccer (MLS),Colorado Rapids @ Sporting Kansas City,Colorado Rapids,BetRivers,185,22.43%,2026-03-17 13:45
Soccer (MLS),Houston Dynamo @ FC Dallas,FC Dallas,FanDuel,110,24.77%,2026-03-17 13:45
Soccer (MLS),Houston Dynamo @ FC Dallas,Houston Dynamo,DraftKings,200,21.76%,2026-03-17 13:45
Soccer (MLS),New England Revolution @ St. Louis City SC,New England Revolution,FanDuel,260,21.75%,2026-03-17 13:45
Soccer (MLS),New England Revolution @ St. Louis City SC,St. Louis City SC,FanDuel,-120,21.33%,2026-03-17 13:45
Soccer (MLS),New England Revolution @ St. Louis City SC,New England Revolution,MyBookie.ag,265,23.44%,2026-03-17 13:45
Soccer (MLS),New England Revolution @ St. Louis City SC,St. Louis City SC,MyBookie.ag,-114,24.24%,2026-03-17 13:45
Soccer (MLS),New England Revolution @ St. Louis City SC,New England Revolution,DraftKings,260,21.75%,2026-03-17 13:45
Soccer (MLS),New England Revolution @ St. Louis City SC,St. Louis City SC,DraftKings,-120,21.33%,2026-03-17 13:45
Soccer (MLS),New England Revolution @ St. Louis City SC,New England Revolution,Bovada,265,23.44%,2026-03-17 13:45
Soccer (MLS),New England Revolution @ St. Louis City SC,St. Louis City SC,Bovada,-113,24.75%,2026-03-17 13:45
Soccer (MLS),New England Revolution @ St. Louis City SC,St. Louis City SC,BetRivers,-115,23.73%,2026-03-17 13:45
Soccer (MLS),Los Angeles FC @ Austin FC,Los Angeles FC,FanDuel,-130,20.09%,2026-03-17 13:45
Soccer (MLS),Los Angeles FC @ Austin FC,Austin FC,MyBookie.ag,280,22.06%,2026-03-17 13:45
Soccer (MLS),Los Angeles FC @ Austin FC,Austin FC,DraftKings,275,20.45%,2026-03-17 13:45
Soccer (MLS),San Jose Earthquakes @ Vancouver Whitecaps FC,Vancouver Whitecaps FC,MyBookie.ag,-189,23.81%,2026-03-17 13:45
Soccer (MLS),San Jose Earthquakes @ Vancouver Whitecaps FC,San Jose Earthquakes,FanDuel,450,4.67%,2026-03-17 13:45
Soccer (MLS),San Jose Earthquakes @ Vancouver Whitecaps FC,Vancouver Whitecaps FC,FanDuel,-210,19.53%,2026-03-17 13:45
Soccer (MLS),San Jose Earthquakes @ Vancouver Whitecaps FC,San Jose Earthquakes,DraftKings,475,9.42%,2026-03-17 13:45
Soccer (MLS),San Jose Earthquakes @ Vancouver Whitecaps FC,Vancouver Whitecaps FC,DraftKings,-190,23.59%,2026-03-17 13:45
Soccer (MLS),San Jose Earthquakes @ Vancouver Whitecaps FC,San Jose Earthquakes,Bovada,550,23.7%,2026-03-17 13:45
Soccer (MLS),San Jose Earthquakes @ Vancouver Whitecaps FC,San Jose Earthquakes,BetRivers,480,10.38%,2026-03-17 13:45
Soccer (MLS),San Jose Earthquakes @ Vancouver Whitecaps FC,Vancouver Whitecaps FC,BetRivers,-195,22.49%,2026-03-17 13:45
Soccer (MLS),San Jose Earthquakes @ Vancouver Whitecaps FC,San Jose Earthquakes,BetUS,550,23.7%,2026-03-17 13:45
Soccer (MLS),CF Montreal @ FC Cincinnati,CF Montreal,MyBookie.ag,350,20.82%,2026-03-17 13:45
Soccer (MLS),CF Montreal @ FC Cincinnati,FC Cincinnati,MyBookie.ag,-148,22.58%,2026-03-17 13:45
Soccer (MLS),CF Montreal @ FC Cincinnati,CF Montreal,FanDuel,360,23.5%,2026-03-17 13:45
Soccer (MLS),CF Montreal @ FC Cincinnati,FC Cincinnati,FanDuel,-165,17.49%,2026-03-17 13:45
Soccer (MLS),CF Montreal @ FC Cincinnati,CF Montreal,DraftKings,340,18.13%,2026-03-17 13:45
Soccer (MLS),CF Montreal @ FC Cincinnati,FC Cincinnati,DraftKings,-150,21.92%,2026-03-17 13:45
Soccer (MLS),CF Montreal @ FC Cincinnati,CF Montreal,Bovada,355,22.16%,2026-03-17 13:45
Soccer (MLS),CF Montreal @ FC Cincinnati,FC Cincinnati,Bovada,-145,23.6%,2026-03-17 13:45
Soccer (MLS),CF Montreal @ FC Cincinnati,CF Montreal,BetOnline.ag,363,24.31%,2026-03-17 13:45
Soccer (MLS),CF Montreal @ FC Cincinnati,FC Cincinnati,BetOnline.ag,-143,24.31%,2026-03-17 13:45
Soccer (MLS),CF Montreal @ FC Cincinnati,FC Cincinnati,BetRivers,-155,20.35%,2026-03-17 13:45
Soccer (MLS),CF Montreal @ FC Cincinnati,CF Montreal,BetUS,355,22.16%,2026-03-17 13:45
Soccer (MLS),CF Montreal @ FC Cincinnati,FC Cincinnati,BetUS,-145,23.6%,2026-03-17 13:45
Soccer (MLS),Inter Miami CF @ New York City FC,Inter Miami CF,MyBookie.ag,187,22.7%,2026-03-17 13:45
Soccer (MLS),Inter Miami CF @ New York City FC,Inter Miami CF,FanDuel,175,17.57%,2026-03-17 13:45
Soccer (MLS),Inter Miami CF @ New York City FC,Inter Miami CF,DraftKings,185,21.84%,2026-03-17 13:45
Soccer (MLS),LA Galaxy @ Portland Timbers,Portland Timbers,FanDuel,135,22.25%,2026-03-17 13:45
Soccer (MLS),LA Galaxy @ Portland Timbers,LA Galaxy,DraftKings,160,24.74%,2026-03-17 13:45
Soccer (MLS),LA Galaxy @ Portland Timbers,Portland Timbers,DraftKings,140,24.86%,2026-03-17 13:45
Soccer (MLS),LA Galaxy @ Portland Timbers,LA Galaxy,BetRivers,160,24.74%,2026-03-17 13:45
Soccer (MLS),Real Salt Lake @ San Diego FC,Real Salt Lake,FanDuel,340,14.97%,2026-03-17 13:45
Soccer (MLS),Real Salt Lake @ San Diego FC,San Diego FC,FanDuel,-150,23.12%,2026-03-17 13:45
Soccer (MLS),Real Salt Lake @ San Diego FC,Real Salt Lake,MyBookie.ag,330,12.36%,2026-03-17 13:45
Soccer (MLS),Real Salt Lake @ San Diego FC,Real Salt Lake,DraftKings,330,12.36%,2026-03-17 13:45
Soccer (MLS),Real Salt Lake @ San Diego FC,San Diego FC,DraftKings,-155,21.53%,2026-03-17 13:45
Soccer (MLS),Real Salt Lake @ San Diego FC,Real Salt Lake,Bovada,360,20.2%,2026-03-17 13:45
Soccer (MLS),Real Salt Lake @ San Diego FC,San Diego FC,Bovada,-149,23.45%,2026-03-17 13:45
Soccer (MLS),Real Salt Lake @ San Diego FC,Real Salt Lake,BetOnline.ag,375,24.12%,2026-03-17 13:45
Soccer (MLS),Real Salt Lake @ San Diego FC,San Diego FC,BetOnline.ag,-147,24.12%,2026-03-17 13:45
Soccer (MLS),Real Salt Lake @ San Diego FC,Real Salt Lake,BetRivers,370,22.81%,2026-03-17 13:45
Soccer (MLS),Real Salt Lake @ San Diego FC,San Diego FC,BetRivers,-155,21.53%,2026-03-17 13:45
Soccer (MLS),Real Salt Lake @ San Diego FC,Real Salt Lake,BetUS,360,20.2%,2026-03-17 13:45
Soccer (MLS),Real Salt Lake @ San Diego FC,San Diego FC,BetUS,-149,23.45%,2026-03-17 13:45
Soccer (La Liga),Real Sociedad @ Villarreal,Real Sociedad,FanDuel,270,23.58%,2026-03-17 13:45
Soccer (La Liga),Real Sociedad @ Villarreal,Villarreal,FanDuel,-120,22.1%,2026-03-17 13:45
Soccer (La Liga),Real Sociedad @ Villarreal,Villarreal,BetRivers,-122,21.19%,2026-03-17 13:45
Soccer (La Liga),Mallorca @ Elche CF,Mallorca,FanDuel,240,24.96%,2026-03-17 13:45
Soccer (La Liga),Girona @ CA Osasuna,CA Osasuna,FanDuel,110,24.64%,2026-03-17 13:45
Soccer (La Liga),Rayo Vallecano @ Barcelona,Barcelona,FanDuel,-550,6.72%,2026-03-17 13:45
Soccer (La Liga),Rayo Vallecano @ Barcelona,Barcelona,BetMGM,-375,14.38%,2026-03-17 13:45
Soccer (La Liga),Rayo Vallecano @ Barcelona,Rayo Vallecano,BetOnline.ag,1050,11.55%,2026-03-17 13:45
Soccer (La Liga),Rayo Vallecano @ Barcelona,Barcelona,BetOnline.ag,-425,11.55%,2026-03-17 13:45
Soccer (La Liga),Rayo Vallecano @ Barcelona,Barcelona,Bovada,-435,11.06%,2026-03-17 13:45
Soccer (La Liga),Rayo Vallecano @ Barcelona,Rayo Vallecano,BetRivers,1000,6.7%,2026-03-17 13:45
Soccer (La Liga),Rayo Vallecano @ Barcelona,Barcelona,BetRivers,-480,9.11%,2026-03-17 13:45
Soccer (La Liga),Rayo Vallecano @ Barcelona,Barcelona,BetUS,-435,11.06%,2026-03-17 13:45
Soccer (La Liga),Rayo Vallecano @ Barcelona,Barcelona,DraftKings,-425,11.55%,2026-03-17 13:45
Soccer (La Liga),Alavés @ Celta Vigo,Alavés,FanDuel,360,21.8%,2026-03-17 13:45
Soccer (La Liga),Atlético Madrid @ Real Madrid,Real Madrid,BetRivers,-113,21.98%,2026-03-17 13:45
Soccer (La Liga),Atlético Madrid @ Real Madrid,Real Madrid,FanDuel,-120,18.63%,2026-03-17 13:45
Soccer (La Liga),Atlético Madrid @ Real Madrid,Atlético Madrid,Bovada,250,23.52%,2026-03-17 13:45
Soccer (La Liga),Atlético Madrid @ Real Madrid,Real Madrid,Bovada,-109,24.08%,2026-03-17 13:45
Soccer (La Liga),Atlético Madrid @ Real Madrid,Atlético Madrid,BetMGM,250,23.52%,2026-03-17 13:45
Soccer (La Liga),Atlético Madrid @ Real Madrid,Atlético Madrid,DraftKings,250,23.52%,2026-03-17 13:45
Soccer (Serie A),Napoli @ Cagliari,Cagliari,FanDuel,490,23.63%,2026-03-17 13:45
Soccer (Serie A),Napoli @ Cagliari,Napoli,BetRivers,-180,22.96%,2026-03-17 13:45
Soccer (Serie A),Napoli @ Cagliari,Cagliari,DraftKings,475,20.49%,2026-03-17 13:45
Soccer (Serie A),Napoli @ Cagliari,Cagliari,BetMGM,475,20.49%,2026-03-17 13:45
Soccer (Serie A),Cremonese @ Parma,Cremonese,FanDuel,260,21.67%,2026-03-17 13:45
Soccer (Serie A),Torino @ AC Milan,Torino,FanDuel,700,4.83%,2026-03-17 13:45
Soccer (Serie A),Torino @ AC Milan,AC Milan,FanDuel,-310,14.93%,2026-03-17 13:45
Soccer (Serie A),Torino @ AC Milan,Torino,BetMGM,700,4.83%,2026-03-17 13:45
Soccer (Serie A),Torino @ AC Milan,AC Milan,BetMGM,-250,21.66%,2026-03-17 13:45
Soccer (Serie A),Torino @ AC Milan,Torino,BetOnline.ag,800,17.93%,2026-03-17 13:45
Soccer (Serie A),Torino @ AC Milan,AC Milan,BetOnline.ag,-280,17.93%,2026-03-17 13:45
Soccer (Serie A),Torino @ AC Milan,Torino,BetRivers,800,17.93%,2026-03-17 13:45
Soccer (Serie A),Torino @ AC Milan,AC Milan,BetRivers,-305,15.39%,2026-03-17 13:45
Soccer (Serie A),Torino @ AC Milan,Torino,Bovada,700,4.83%,2026-03-17 13:45
Soccer (Serie A),Torino @ AC Milan,AC Milan,Bovada,-275,18.5%,2026-03-17 13:45
Soccer (Serie A),Torino @ AC Milan,AC Milan,DraftKings,-300,15.86%,2026-03-17 13:45
Soccer (Serie A),Torino @ AC Milan,Torino,BetUS,700,4.83%,2026-03-17 13:45
Soccer (Serie A),Torino @ AC Milan,AC Milan,BetUS,-275,18.5%,2026-03-17 13:45
Soccer (Serie A),Sassuolo @ Juventus,Sassuolo,FanDuel,750,10.72%,2026-03-17 13:45
Soccer (Serie A),Sassuolo @ Juventus,Juventus,FanDuel,-320,14.15%,2026-03-17 13:45
Soccer (Serie A),Sassuolo @ Juventus,Sassuolo,BetMGM,725,7.46%,2026-03-17 13:45
Soccer (Serie A),Sassuolo @ Juventus,Juventus,BetMGM,-275,18.6%,2026-03-17 13:45
Soccer (Serie A),Sassuolo @ Juventus,Sassuolo,BetOnline.ag,802,17.49%,2026-03-17 13:45
Soccer (Serie A),Sassuolo @ Juventus,Juventus,BetOnline.ag,-285,17.49%,2026-03-17 13:45
Soccer (Serie A),Sassuolo @ Juventus,Juventus,BetRivers,-335,12.94%,2026-03-17 13:45
Soccer (Serie A),Sassuolo @ Juventus,Sassuolo,Bovada,775,13.97%,2026-03-17 13:45
Soccer (Serie A),Sassuolo @ Juventus,Juventus,Bovada,-300,15.97%,2026-03-17 13:45
Soccer (Serie A),Sassuolo @ Juventus,Sassuolo,DraftKings,700,4.21%,2026-03-17 13:45
Soccer (Serie A),Sassuolo @ Juventus,Juventus,DraftKings,-310,15.03%,2026-03-17 13:45
Soccer (Serie A),Sassuolo @ Juventus,Sassuolo,BetUS,775,13.97%,2026-03-17 13:45
Soccer (Serie A),Sassuolo @ Juventus,Juventus,BetUS,-300,15.97%,2026-03-17 13:45
Soccer (Serie A),Pisa @ Como,Pisa,FanDuel,950,15.21%,2026-03-17 13:45
Soccer (Serie A),Pisa @ Como,Como,FanDuel,-425,9.98%,2026-03-17 13:45
Soccer (Serie A),Pisa @ Como,Pisa,BetMGM,1000,20.7%,2026-03-17 13:45
Soccer (Serie A),Pisa @ Como,Como,BetMGM,-350,14.46%,2026-03-17 13:45
Soccer (Serie A),Pisa @ Como,Pisa,BetOnline.ag,950,15.21%,2026-03-17 13:45
Soccer (Serie A),Pisa @ Como,Como,BetOnline.ag,-340,15.21%,2026-03-17 13:45
Soccer (Serie A),Pisa @ Como,Como,BetRivers,-420,10.22%,2026-03-17 13:45
Soccer (Serie A),Pisa @ Como,Pisa,Bovada,900,9.73%,2026-03-17 13:45
Soccer (Serie A),Pisa @ Como,Como,Bovada,-370,13.09%,2026-03-17 13:45
Soccer (Serie A),Pisa @ Como,Pisa,DraftKings,850,4.24%,2026-03-17 13:45
Soccer (Serie A),Pisa @ Como,Como,DraftKings,-390,11.85%,2026-03-17 13:45
Soccer (Serie A),Pisa @ Como,Pisa,BetUS,900,9.73%,2026-03-17 13:45
Soccer (Serie A),Pisa @ Como,Como,BetUS,-370,13.09%,2026-03-17 13:45
Soccer (Serie A),Hellas Verona @ Atalanta BC,Hellas Verona,FanDuel,700,17.24%,2026-03-17 13:45
Soccer (Serie A),Hellas Verona @ Atalanta BC,Atalanta BC,FanDuel,-310,12.88%,2026-03-17 13:45
Soccer (Serie A),Hellas Verona @ Atalanta BC,Hellas Verona,BetMGM,675,13.58%,2026-03-17 13:45
Soccer (Serie A),Hellas Verona @ Atalanta BC,Atalanta BC,BetMGM,-250,19.48%,2026-03-17 13:45
Soccer (Serie A),Hellas Verona @ Atalanta BC,Hellas Verona,BetOnline.ag,725,20.91%,2026-03-17 13:45
Soccer (Serie A),Hellas Verona @ Atalanta BC,Atalanta BC,BetOnline.ag,-240,20.91%,2026-03-17 13:45
Soccer (Serie A),Hellas Verona @ Atalanta BC,Atalanta BC,BetRivers,-295,14.28%,2026-03-17 13:45
Soccer (Serie A),Hellas Verona @ Atalanta BC,Hellas Verona,Bovada,725,20.91%,2026-03-17 13:45
Soccer (Serie A),Hellas Verona @ Atalanta BC,Atalanta BC,Bovada,-260,18.17%,2026-03-17 13:45
Soccer (Serie A),Hellas Verona @ Atalanta BC,Hellas Verona,DraftKings,600,2.59%,2026-03-17 13:45
Soccer (Serie A),Hellas Verona @ Atalanta BC,Atalanta BC,DraftKings,-260,18.17%,2026-03-17 13:45
Soccer (Serie A),Hellas Verona @ Atalanta BC,Hellas Verona,BetUS,725,20.91%,2026-03-17 13:45
Soccer (Serie A),Hellas Verona @ Atalanta BC,Atalanta BC,BetUS,-260,18.17%,2026-03-17 13:45
Soccer (Serie A),Lecce @ AS Roma,Lecce,FanDuel,700,16.66%,2026-03-17 13:45
Soccer (Serie A),Lecce @ AS Roma,AS Roma,FanDuel,-280,15.92%,2026-03-17 13:45
Soccer (Serie A),Lecce @ AS Roma,Lecce,BetMGM,725,20.31%,2026-03-17 13:45
Soccer (Serie A),Lecce @ AS Roma,AS Roma,BetMGM,-250,19.58%,2026-03-17 13:45
Soccer (Serie A),Lecce @ AS Roma,Lecce,BetOnline.ag,735,21.77%,2026-03-17 13:45
Soccer (Serie A),Lecce @ AS Roma,AS Roma,BetOnline.ag,-235,21.77%,2026-03-17 13:45
Soccer (Serie A),Lecce @ AS Roma,AS Roma,BetRivers,-295,14.37%,2026-03-17 13:45
Soccer (Serie A),Lecce @ AS Roma,Lecce,Bovada,700,16.66%,2026-03-17 13:45
Soccer (Serie A),Lecce @ AS Roma,AS Roma,Bovada,-240,21.01%,2026-03-17 13:45
Soccer (Serie A),Lecce @ AS Roma,Lecce,DraftKings,650,9.37%,2026-03-17 13:45
Soccer (Serie A),Lecce @ AS Roma,AS Roma,DraftKings,-255,18.91%,2026-03-17 13:45
Soccer (Serie A),Lecce @ AS Roma,Lecce,BetUS,700,16.66%,2026-03-17 13:45
Soccer (Serie A),Lecce @ AS Roma,AS Roma,BetUS,-240,21.01%,2026-03-17 13:45
Soccer (Serie A),Inter Milan @ Fiorentina,Inter Milan,FanDuel,-190,12.65%,2026-03-17 13:45
Soccer (Serie A),Inter Milan @ Fiorentina,Inter Milan,BetMGM,-160,19.93%,2026-03-17 13:45
Soccer (Serie A),Inter Milan @ Fiorentina,Inter Milan,BetOnline.ag,-145,24.7%,2026-03-17 13:45
Soccer (Serie A),Inter Milan @ Fiorentina,Fiorentina,BetOnline.ag,376,24.7%,2026-03-17 13:45
Soccer (Serie A),Inter Milan @ Fiorentina,Inter Milan,BetRivers,-162,19.36%,2026-03-17 13:45
Soccer (Serie A),Inter Milan @ Fiorentina,Inter Milan,Bovada,-163,19.08%,2026-03-17 13:45
Soccer (Serie A),Inter Milan @ Fiorentina,Inter Milan,DraftKings,-170,17.22%,2026-03-17 13:45
Soccer (Serie A),Inter Milan @ Fiorentina,Fiorentina,DraftKings,360,20.51%,2026-03-17 13:45
Soccer (Serie A),Inter Milan @ Fiorentina,Inter Milan,BetUS,-163,19.08%,2026-03-17 13:45
Soccer (Serie A),Atalanta BC @ Lecce,Lecce,DraftKings,340,11.02%,2026-03-17 13:45
Soccer (Serie A),Atalanta BC @ Lecce,Atalanta BC,BetRivers,-155,23.01%,2026-03-17 13:45
Soccer (Serie A),Atalanta BC @ Lecce,Lecce,Bovada,360,16.07%,2026-03-17 13:45
Soccer (Serie A),Cagliari @ Sassuolo,Cagliari,DraftKings,330,21.13%,2026-03-17 13:45
Soccer (Serie A),Cagliari @ Sassuolo,Cagliari,BetRivers,275,5.63%,2026-03-17 13:45
Soccer (Serie A),Fiorentina @ Hellas Verona,Hellas Verona,DraftKings,285,16.67%,2026-03-17 13:45
Soccer (Serie A),Fiorentina @ Hellas Verona,Hellas Verona,Bovada,305,22.73%,2026-03-17 13:45
Soccer (Serie A),Parma @ Lazio,Parma,DraftKings,370,19.32%,2026-03-17 13:45
Soccer (Serie A),Bologna @ Cremonese,Cremonese,DraftKings,275,20.59%,2026-03-17 13:45
Soccer (Serie A),AS Roma @ Inter Milan,AS Roma,DraftKings,390,16.39%,2026-03-17 13:45
Soccer (Serie A),AS Roma @ Inter Milan,Inter Milan,DraftKings,-165,22.46%,2026-03-17 13:45
Soccer (Serie A),AS Roma @ Inter Milan,AS Roma,BetRivers,420,23.52%,2026-03-17 13:45
Soccer (Serie A),AS Roma @ Inter Milan,Inter Milan,BetRivers,-162,23.31%,2026-03-17 13:45
Soccer (Serie A),AS Roma @ Inter Milan,AS Roma,Bovada,420,23.52%,2026-03-17 13:45
Soccer (Serie A),AS Roma @ Inter Milan,Inter Milan,Bovada,-157,24.81%,2026-03-17 13:45
Soccer (Serie A),Como @ Udinese,Udinese,DraftKings,310,17.57%,2026-03-17 13:45
Soccer (Serie A),Genoa @ Juventus,Juventus,DraftKings,-290,16.97%,2026-03-17 13:45
Soccer (Serie A),Genoa @ Juventus,Juventus,BetRivers,-305,15.5%,2026-03-17 13:45
Soccer (Serie A),Genoa @ Juventus,Genoa,BetOnline.ag,825,20.43%,2026-03-17 13:45
Soccer (Serie A),Genoa @ Juventus,Juventus,BetOnline.ag,-260,20.43%,2026-03-17 13:45
Soccer (Serie A),Genoa @ Juventus,Genoa,Bovada,775,13.92%,2026-03-17 13:45
Soccer (Serie A),Genoa @ Juventus,Juventus,Bovada,-270,19.19%,2026-03-17 13:45
Soccer (Bundesliga),TSG Hoffenheim @ RB Leipzig,TSG Hoffenheim,FanDuel,240,17.44%,2026-03-17 13:45
Soccer (Bundesliga),TSG Hoffenheim @ RB Leipzig,RB Leipzig,FanDuel,-120,20.01%,2026-03-17 13:45
Soccer (Bundesliga),TSG Hoffenheim @ RB Leipzig,TSG Hoffenheim,BetRivers,250,20.89%,2026-03-17 13:45
Soccer (Bundesliga),TSG Hoffenheim @ RB Leipzig,RB Leipzig,BetRivers,-117,21.41%,2026-03-17 13:45
Soccer (Bundesliga),TSG Hoffenheim @ RB Leipzig,TSG Hoffenheim,BetMGM,240,17.44%,2026-03-17 13:45
Soccer (Bundesliga),TSG Hoffenheim @ RB Leipzig,TSG Hoffenheim,Bovada,250,20.89%,2026-03-17 13:45
Soccer (Bundesliga),TSG Hoffenheim @ RB Leipzig,RB Leipzig,Bovada,-112,23.91%,2026-03-17 13:45
Soccer (Bundesliga),TSG Hoffenheim @ RB Leipzig,TSG Hoffenheim,BetUS,250,20.89%,2026-03-17 13:45
Soccer (Bundesliga),TSG Hoffenheim @ RB Leipzig,RB Leipzig,BetUS,-112,23.91%,2026-03-17 13:45
Soccer (Bundesliga),TSG Hoffenheim @ RB Leipzig,TSG Hoffenheim,DraftKings,230,13.98%,2026-03-17 13:45
Soccer (Bundesliga),TSG Hoffenheim @ RB Leipzig,RB Leipzig,DraftKings,-115,22.38%,2026-03-17 13:45
Soccer (Bundesliga),Bayer Leverkusen @ 1. FC Heidenheim,Bayer Leverkusen,FanDuel,-200,15.66%,2026-03-17 13:45
Soccer (Bundesliga),Bayer Leverkusen @ 1. FC Heidenheim,1. FC Heidenheim,FanDuel,430,21.32%,2026-03-17 13:45
Soccer (Bundesliga),Bayer Leverkusen @ 1. FC Heidenheim,Bayer Leverkusen,BetMGM,-175,21.17%,2026-03-17 13:45
Soccer (Bundesliga),Bayer Leverkusen @ 1. FC Heidenheim,1. FC Heidenheim,BetMGM,425,20.18%,2026-03-17 13:45
Soccer (Bundesliga),Bayer Leverkusen @ 1. FC Heidenheim,Bayer Leverkusen,BetRivers,-190,17.69%,2026-03-17 13:45
Soccer (Bundesliga),Bayer Leverkusen @ 1. FC Heidenheim,1. FC Heidenheim,BetRivers,430,21.32%,2026-03-17 13:45
Soccer (Bundesliga),Bayer Leverkusen @ 1. FC Heidenheim,Bayer Leverkusen,Bovada,-174,21.42%,2026-03-17 13:45
Soccer (Bundesliga),Bayer Leverkusen @ 1. FC Heidenheim,1. FC Heidenheim,Bovada,420,19.03%,2026-03-17 13:45
Soccer (Bundesliga),Bayer Leverkusen @ 1. FC Heidenheim,Bayer Leverkusen,BetOnline.ag,-170,22.47%,2026-03-17 13:45
Soccer (Bundesliga),Bayer Leverkusen @ 1. FC Heidenheim,1. FC Heidenheim,BetOnline.ag,435,22.47%,2026-03-17 13:45
Soccer (Bundesliga),Bayer Leverkusen @ 1. FC Heidenheim,Bayer Leverkusen,BetUS,-174,21.42%,2026-03-17 13:45
Soccer (Bundesliga),Bayer Leverkusen @ 1. FC Heidenheim,1. FC Heidenheim,BetUS,420,19.03%,2026-03-17 13:45
Soccer (Bundesliga),Bayer Leverkusen @ 1. FC Heidenheim,Bayer Leverkusen,DraftKings,-185,18.79%,2026-03-17 13:45
Soccer (Bundesliga),Bayer Leverkusen @ 1. FC Heidenheim,1. FC Heidenheim,DraftKings,390,12.17%,2026-03-17 13:45
Soccer (Bundesliga),Borussia Monchengladbach @ 1. FC Köln,Borussia Monchengladbach,DraftKings,190,24.59%,2026-03-17 13:45
Soccer (Bundesliga),Union Berlin @ Bayern Munich,Union Berlin,FanDuel,1200,3.41%,2026-03-17 13:45
Soccer (Bundesliga),Union Berlin @ Bayern Munich,Bayern Munich,FanDuel,-750,4.32%,2026-03-17 13:45
Soccer (Bundesliga),Union Berlin @ Bayern Munich,Bayern Munich,BetMGM,-600,7.39%,2026-03-17 13:45
Soccer (Bundesliga),Union Berlin @ Bayern Munich,Bayern Munich,BetRivers,-770,4.0%,2026-03-17 13:45
Soccer (Bundesliga),Union Berlin @ Bayern Munich,Bayern Munich,Bovada,-625,6.77%,2026-03-17 13:45
Soccer (Bundesliga),Union Berlin @ Bayern Munich,Union Berlin,BetOnline.ag,1250,7.39%,2026-03-17 13:45
Soccer (Bundesliga),Union Berlin @ Bayern Munich,Bayern Munich,BetOnline.ag,-600,7.39%,2026-03-17 13:45
Soccer (Bundesliga),Union Berlin @ Bayern Munich,Bayern Munich,BetUS,-625,6.77%,2026-03-17 13:45
Soccer (Bundesliga),Union Berlin @ Bayern Munich,Bayern Munich,DraftKings,-650,6.21%,2026-03-17 13:45
Soccer (Bundesliga),Werder Bremen @ VfL Wolfsburg,Werder Bremen,FanDuel,165,23.43%,2026-03-17 13:45
Soccer (Bundesliga),Werder Bremen @ VfL Wolfsburg,Werder Bremen,BetMGM,165,23.43%,2026-03-17 13:45
Soccer (Bundesliga),Werder Bremen @ VfL Wolfsburg,Werder Bremen,BetRivers,160,21.1%,2026-03-17 13:45
Soccer (Bundesliga),Werder Bremen @ VfL Wolfsburg,Werder Bremen,DraftKings,165,23.43%,2026-03-17 13:45
Soccer (Bundesliga),Hamburger SV @ Borussia Dortmund,Hamburger SV,FanDuel,650,18.92%,2026-03-17 13:45
Soccer (Bundesliga),Hamburger SV @ Borussia Dortmund,Borussia Dortmund,FanDuel,-310,11.29%,2026-03-17 13:45
Soccer (Bundesliga),Hamburger SV @ Borussia Dortmund,Hamburger SV,BetMGM,600,10.99%,2026-03-17 13:45
Soccer (Bundesliga),Hamburger SV @ Borussia Dortmund,Borussia Dortmund,BetMGM,-250,17.8%,2026-03-17 13:45
Soccer (Bundesliga),Hamburger SV @ Borussia Dortmund,Borussia Dortmund,BetRivers,-295,12.67%,2026-03-17 13:45
Soccer (Bundesliga),Hamburger SV @ Borussia Dortmund,Hamburger SV,Bovada,600,10.99%,2026-03-17 13:45
Soccer (Bundesliga),Hamburger SV @ Borussia Dortmund,Borussia Dortmund,Bovada,-250,17.8%,2026-03-17 13:45
Soccer (Bundesliga),Hamburger SV @ Borussia Dortmund,Hamburger SV,BetOnline.ag,650,18.92%,2026-03-17 13:45
Soccer (Bundesliga),Hamburger SV @ Borussia Dortmund,Borussia Dortmund,BetOnline.ag,-242,18.92%,2026-03-17 13:45
Soccer (Bundesliga),Hamburger SV @ Borussia Dortmund,Hamburger SV,BetUS,600,10.99%,2026-03-17 13:45
Soccer (Bundesliga),Hamburger SV @ Borussia Dortmund,Borussia Dortmund,BetUS,-250,17.8%,2026-03-17 13:45
Soccer (Bundesliga),Hamburger SV @ Borussia Dortmund,Hamburger SV,DraftKings,550,3.06%,2026-03-17 13:45
Soccer (Bundesliga),Hamburger SV @ Borussia Dortmund,Borussia Dortmund,DraftKings,-265,15.9%,2026-03-17 13:45
Soccer (Bundesliga),Eintracht Frankfurt @ FSV Mainz 05,Eintracht Frankfurt,BetMGM,225,23.42%,2026-03-17 13:45
Soccer (Bundesliga),Eintracht Frankfurt @ FSV Mainz 05,Eintracht Frankfurt,BetRivers,210,17.72%,2026-03-17 13:45
Soccer (Bundesliga),Eintracht Frankfurt @ FSV Mainz 05,Eintracht Frankfurt,DraftKings,220,21.52%,2026-03-17 13:45
Soccer (Bundesliga),VfB Stuttgart @ Augsburg,VfB Stuttgart,FanDuel,-105,22.69%,2026-03-17 13:45
Soccer (Bundesliga),VfB Stuttgart @ Augsburg,VfB Stuttgart,BetMGM,-105,22.69%,2026-03-17 13:45
Soccer (Bundesliga),VfB Stuttgart @ Augsburg,VfB Stuttgart,BetRivers,-112,18.95%,2026-03-17 13:45
Soccer (Bundesliga),VfB Stuttgart @ Augsburg,Augsburg,Bovada,235,24.48%,2026-03-17 13:45
Soccer (Bundesliga),VfB Stuttgart @ Augsburg,Augsburg,BetUS,235,24.48%,2026-03-17 13:45
Soccer (Bundesliga),VfB Stuttgart @ Augsburg,VfB Stuttgart,DraftKings,-105,22.69%,2026-03-17 13:45
Soccer (Bundesliga),VfB Stuttgart @ Augsburg,Augsburg,DraftKings,225,20.77%,2026-03-17 13:45
Soccer (Ligue 1),Angers @ RC Lens,Angers,FanDuel,800,7.02%,2026-03-17 13:46
Soccer (Ligue 1),Angers @ RC Lens,RC Lens,FanDuel,-360,12.58%,2026-03-17 13:46
Soccer (Ligue 1),Angers @ RC Lens,Angers,Bovada,800,7.02%,2026-03-17 13:46
Soccer (Ligue 1),Angers @ RC Lens,RC Lens,Bovada,-330,14.81%,2026-03-17 13:46
Soccer (Ligue 1),Angers @ RC Lens,Angers,BetRivers,950,24.85%,2026-03-17 13:46
Soccer (Ligue 1),Angers @ RC Lens,RC Lens,BetRivers,-360,12.58%,2026-03-17 13:46
Soccer (Ligue 1),Angers @ RC Lens,Angers,DraftKings,800,7.02%,2026-03-17 13:46
Soccer (Ligue 1),Angers @ RC Lens,RC Lens,DraftKings,-320,15.64%,2026-03-17 13:46
Soccer (Ligue 1),Angers @ RC Lens,Angers,BetUS,800,7.02%,2026-03-17 13:46
Soccer (Ligue 1),Angers @ RC Lens,RC Lens,BetUS,-330,14.81%,2026-03-17 13:46
Soccer (Ligue 1),Angers @ RC Lens,Angers,BetMGM,775,4.05%,2026-03-17 13:46
Soccer (Ligue 1),Angers @ RC Lens,RC Lens,BetMGM,-300,17.48%,2026-03-17 13:46
Soccer (Ligue 1),Angers @ RC Lens,Angers,BetOnline.ag,880,16.53%,2026-03-17 13:46
Soccer (Ligue 1),Angers @ RC Lens,RC Lens,BetOnline.ag,-310,16.53%,2026-03-17 13:46
Soccer (Ligue 1),Lorient @ Toulouse,Lorient,BetMGM,310,21.79%,2026-03-17 13:46
Soccer (Ligue 1),Lorient @ Toulouse,Lorient,FanDuel,300,18.82%,2026-03-17 13:46
Soccer (Ligue 1),Paris Saint Germain @ Nice,Paris Saint Germain,BetMGM,-250,17.08%,2026-03-17 13:46
Soccer (Ligue 1),Paris Saint Germain @ Nice,Nice,BetMGM,600,14.62%,2026-03-17 13:46
Soccer (Ligue 1),Paris Saint Germain @ Nice,Paris Saint Germain,FanDuel,-310,10.6%,2026-03-17 13:46
Soccer (Ligue 1),Paris Saint Germain @ Nice,Nice,FanDuel,600,14.62%,2026-03-17 13:46
Soccer (Ligue 1),Paris Saint Germain @ Nice,Paris Saint Germain,Bovada,-265,15.18%,2026-03-17 13:46
Soccer (Ligue 1),Paris Saint Germain @ Nice,Nice,Bovada,575,10.53%,2026-03-17 13:46
Soccer (Ligue 1),Paris Saint Germain @ Nice,Paris Saint Germain,BetRivers,-275,14.04%,2026-03-17 13:46
Soccer (Ligue 1),Paris Saint Germain @ Nice,Nice,BetRivers,575,10.53%,2026-03-17 13:46
Soccer (Ligue 1),Paris Saint Germain @ Nice,Paris Saint Germain,DraftKings,-260,15.79%,2026-03-17 13:46
Soccer (Ligue 1),Paris Saint Germain @ Nice,Nice,DraftKings,550,6.43%,2026-03-17 13:46
Soccer (Ligue 1),Paris Saint Germain @ Nice,Paris Saint Germain,BetUS,-265,15.18%,2026-03-17 13:46
Soccer (Ligue 1),Paris Saint Germain @ Nice,Nice,BetUS,575,10.53%,2026-03-17 13:46
Soccer (Ligue 1),Paris Saint Germain @ Nice,Paris Saint Germain,BetOnline.ag,-250,17.08%,2026-03-17 13:46
Soccer (Ligue 1),Paris Saint Germain @ Nice,Nice,BetOnline.ag,615,17.08%,2026-03-17 13:46
Soccer (Ligue 1),AS Monaco @ Lyon,Lyon,BetRivers,150,17.95%,2026-03-17 13:46
Soccer (Ligue 1),Lille @ Marseille,Lille,BetMGM,270,24.67%,2026-03-17 13:46
Soccer (Ligue 1),Lille @ Marseille,Lille,FanDuel,270,24.67%,2026-03-17 13:46
Soccer (Ligue 1),Lille @ Marseille,Marseille,FanDuel,-120,21.56%,2026-03-17 13:46
Soccer (Ligue 1),Lille @ Marseille,Lille,BetRivers,260,21.3%,2026-03-17 13:46
Soccer (Ligue 1),Lille @ Marseille,Lille,DraftKings,270,24.67%,2026-03-17 13:46
Soccer (Ligue 1),Metz @ Rennes,Metz,BetMGM,675,6.96%,2026-03-17 13:46
Soccer (Ligue 1),Metz @ Rennes,Rennes,BetMGM,-275,17.54%,2026-03-17 13:46
Soccer (Ligue 1),Metz @ Rennes,Metz,FanDuel,700,10.41%,2026-03-17 13:46
Soccer (Ligue 1),Metz @ Rennes,Rennes,FanDuel,-320,13.14%,2026-03-17 13:46
Soccer (Ligue 1),Metz @ Rennes,Metz,Bovada,700,10.41%,2026-03-17 13:46
Soccer (Ligue 1),Metz @ Rennes,Rennes,Bovada,-290,15.92%,2026-03-17 13:46
Soccer (Ligue 1),Metz @ Rennes,Metz,BetRivers,700,10.41%,2026-03-17 13:46
Soccer (Ligue 1),Metz @ Rennes,Rennes,BetRivers,-305,14.46%,2026-03-17 13:46
Soccer (Ligue 1),Metz @ Rennes,Metz,DraftKings,650,3.51%,2026-03-17 13:46
Soccer (Ligue 1),Metz @ Rennes,Rennes,DraftKings,-275,17.54%,2026-03-17 13:46
Soccer (Ligue 1),Metz @ Rennes,Metz,BetUS,700,10.41%,2026-03-17 13:46
Soccer (Ligue 1),Metz @ Rennes,Rennes,BetUS,-290,15.92%,2026-03-17 13:46
Soccer (Ligue 1),Metz @ Rennes,Metz,BetOnline.ag,755,18.01%,2026-03-17 13:46
Soccer (Ligue 1),Metz @ Rennes,Rennes,BetOnline.ag,-271,18.01%,2026-03-17 13:46
Soccer (Champions League),Bodø/Glimt @ Sporting Lisbon,Sporting Lisbon,BetMGM,-235,8.43%,2026-03-17 13:46
Soccer (Champions League),Bodø/Glimt @ Sporting Lisbon,Sporting Lisbon,FanDuel,-220,10.64%,2026-03-17 13:46
Soccer (Champions League),Bodø/Glimt @ Sporting Lisbon,Bodø/Glimt,Bovada,400,19.69%,2026-03-17 13:46
Soccer (Champions League),Bodø/Glimt @ Sporting Lisbon,Sporting Lisbon,Bovada,-200,14.09%,2026-03-17 13:46
Soccer (Champions League),Bodø/Glimt @ Sporting Lisbon,Bodø/Glimt,BetOnline.ag,385,16.1%,2026-03-17 13:46
Soccer (Champions League),Bodø/Glimt @ Sporting Lisbon,Sporting Lisbon,BetOnline.ag,-190,16.1%,2026-03-17 13:46
Soccer (Champions League),Bodø/Glimt @ Sporting Lisbon,Sporting Lisbon,DraftKings,-255,5.89%,2026-03-17 13:46
Soccer (Champions League),Bodø/Glimt @ Sporting Lisbon,Sporting Lisbon,BetUS,-210,12.28%,2026-03-17 13:46
Soccer (Champions League),Bodø/Glimt @ Sporting Lisbon,Bodø/Glimt,BetRivers,390,17.29%,2026-03-17 13:46
Soccer (Champions League),Bodø/Glimt @ Sporting Lisbon,Sporting Lisbon,BetRivers,-245,7.11%,2026-03-17 13:46
Soccer (Champions League),Bayer Leverkusen @ Arsenal,Arsenal,BetMGM,-325,17.12%,2026-03-17 13:46
Soccer (Champions League),Bayer Leverkusen @ Arsenal,Bayer Leverkusen,FanDuel,950,9.63%,2026-03-17 13:46
Soccer (Champions League),Bayer Leverkusen @ Arsenal,Arsenal,FanDuel,-350,15.15%,2026-03-17 13:46
Soccer (Champions League),Bayer Leverkusen @ Arsenal,Bayer Leverkusen,Bovada,900,4.41%,2026-03-17 13:46
Soccer (Champions League),Bayer Leverkusen @ Arsenal,Arsenal,Bovada,-335,16.29%,2026-03-17 13:46
Soccer (Champions League),Bayer Leverkusen @ Arsenal,Bayer Leverkusen,BetOnline.ag,1005,15.37%,2026-03-17 13:46
Soccer (Champions League),Bayer Leverkusen @ Arsenal,Arsenal,BetOnline.ag,-347,15.37%,2026-03-17 13:46
Soccer (Champions League),Bayer Leverkusen @ Arsenal,Bayer Leverkusen,DraftKings,900,4.41%,2026-03-17 13:46
Soccer (Champions League),Bayer Leverkusen @ Arsenal,Arsenal,DraftKings,-330,16.7%,2026-03-17 13:46
Soccer (Champions League),Bayer Leverkusen @ Arsenal,Bayer Leverkusen,BetUS,1000,14.85%,2026-03-17 13:46
Soccer (Champions League),Bayer Leverkusen @ Arsenal,Arsenal,BetUS,-365,14.1%,2026-03-17 13:46
Soccer (Champions League),Bayer Leverkusen @ Arsenal,Bayer Leverkusen,BetRivers,950,9.63%,2026-03-17 13:46
Soccer (Champions League),Bayer Leverkusen @ Arsenal,Arsenal,BetRivers,-360,14.44%,2026-03-17 13:46
Soccer (Champions League),Paris Saint Germain @ Chelsea,Paris Saint Germain,FanDuel,195,20.63%,2026-03-17 13:46
Soccer (Champions League),Paris Saint Germain @ Chelsea,Chelsea,FanDuel,105,21.17%,2026-03-17 13:46
Soccer (Champions League),Paris Saint Germain @ Chelsea,Chelsea,BetMGM,100,18.22%,2026-03-17 13:46
Soccer (Champions League),Paris Saint Germain @ Chelsea,Paris Saint Germain,Bovada,200,22.67%,2026-03-17 13:46
Soccer (Champions League),Paris Saint Germain @ Chelsea,Chelsea,Bovada,106,21.76%,2026-03-17 13:46
Soccer (Champions League),Paris Saint Germain @ Chelsea,Paris Saint Germain,BetOnline.ag,205,24.72%,2026-03-17 13:46
Soccer (Champions League),Paris Saint Germain @ Chelsea,Chelsea,BetOnline.ag,111,24.72%,2026-03-17 13:46
Soccer (Champions League),Paris Saint Germain @ Chelsea,Chelsea,DraftKings,105,21.17%,2026-03-17 13:46
Soccer (Champions League),Paris Saint Germain @ Chelsea,Paris Saint Germain,BetUS,200,22.67%,2026-03-17 13:46
Soccer (Champions League),Paris Saint Germain @ Chelsea,Chelsea,BetUS,105,21.17%,2026-03-17 13:46
Soccer (Champions League),Paris Saint Germain @ Chelsea,Paris Saint Germain,BetRivers,200,22.67%,2026-03-17 13:46
Soccer (Champions League),Paris Saint Germain @ Chelsea,Chelsea,BetRivers,102,19.4%,2026-03-17 13:46
Soccer (Champions League),Real Madrid @ Manchester City,Real Madrid,FanDuel,460,14.37%,2026-03-17 13:46
Soccer (Champions League),Real Madrid @ Manchester City,Manchester City,FanDuel,-230,14.17%,2026-03-17 13:46
Soccer (Champions League),Real Madrid @ Manchester City,Real Madrid,BetMGM,475,17.44%,2026-03-17 13:46
Soccer (Champions League),Real Madrid @ Manchester City,Manchester City,BetMGM,-235,13.44%,2026-03-17 13:46
Soccer (Champions League),Real Madrid @ Manchester City,Real Madrid,Bovada,440,10.29%,2026-03-17 13:46
Soccer (Champions League),Real Madrid @ Manchester City,Manchester City,Bovada,-218,16.08%,2026-03-17 13:46
Soccer (Champions League),Real Madrid @ Manchester City,Real Madrid,DraftKings,450,12.33%,2026-03-17 13:46
Soccer (Champions League),Real Madrid @ Manchester City,Manchester City,DraftKings,-220,15.75%,2026-03-17 13:46
Soccer (Champions League),Real Madrid @ Manchester City,Real Madrid,BetOnline.ag,470,16.42%,2026-03-17 13:46
Soccer (Champions League),Real Madrid @ Manchester City,Manchester City,BetOnline.ag,-216,16.42%,2026-03-17 13:46
Soccer (Champions League),Real Madrid @ Manchester City,Real Madrid,BetUS,470,16.42%,2026-03-17 13:46
Soccer (Champions League),Real Madrid @ Manchester City,Manchester City,BetUS,-230,14.17%,2026-03-17 13:46
Soccer (Champions League),Real Madrid @ Manchester City,Real Madrid,BetRivers,480,18.46%,2026-03-17 13:46
Soccer (Champions League),Real Madrid @ Manchester City,Manchester City,BetRivers,-240,12.73%,2026-03-17 13:46
Soccer (Champions League),Newcastle United @ Barcelona,Newcastle United,BetMGM,380,8.91%,2026-03-17 13:46
Soccer (Champions League),Newcastle United @ Barcelona,Barcelona,BetMGM,-175,21.49%,2026-03-17 13:46
Soccer (Champions League),Newcastle United @ Barcelona,Newcastle United,FanDuel,420,17.99%,2026-03-17 13:46
Soccer (Champions League),Newcastle United @ Barcelona,Barcelona,FanDuel,-180,20.26%,2026-03-17 13:46
Soccer (Champions League),Newcastle United @ Barcelona,Newcastle United,DraftKings,400,13.45%,2026-03-17 13:46
Soccer (Champions League),Newcastle United @ Barcelona,Barcelona,DraftKings,-175,21.49%,2026-03-17 13:46
Soccer (Champions League),Newcastle United @ Barcelona,Newcastle United,BetRivers,420,17.99%,2026-03-17 13:46
Soccer (Champions League),Newcastle United @ Barcelona,Barcelona,BetRivers,-186,18.87%,2026-03-17 13:46
Soccer (Champions League),Newcastle United @ Barcelona,Newcastle United,BetOnline.ag,430,20.26%,2026-03-17 13:46
Soccer (Champions League),Newcastle United @ Barcelona,Barcelona,BetOnline.ag,-180,20.26%,2026-03-17 13:46
Soccer (Champions League),Newcastle United @ Barcelona,Newcastle United,BetUS,410,15.72%,2026-03-17 13:46
Soccer (Champions League),Newcastle United @ Barcelona,Barcelona,BetUS,-180,20.26%,2026-03-17 13:46
Soccer (Champions League),Newcastle United @ Barcelona,Newcastle United,Bovada,405,14.59%,2026-03-17 13:46
Soccer (Champions League),Newcastle United @ Barcelona,Barcelona,Bovada,-180,20.26%,2026-03-17 13:46
Soccer (Champions League),Atalanta BC @ Bayern Munich,Bayern Munich,BetMGM,-295,15.17%,2026-03-17 13:46
Soccer (Champions League),Atalanta BC @ Bayern Munich,Atalanta BC,FanDuel,700,11.89%,2026-03-17 13:46
Soccer (Champions League),Atalanta BC @ Bayern Munich,Bayern Munich,FanDuel,-320,12.89%,2026-03-17 13:46
Soccer (Champions League),Atalanta BC @ Bayern Munich,Atalanta BC,DraftKings,650,4.9%,2026-03-17 13:46
Soccer (Champions League),Atalanta BC @ Bayern Munich,Bayern Munich,DraftKings,-290,15.67%,2026-03-17 13:46
Soccer (Champions League),Atalanta BC @ Bayern Munich,Atalanta BC,BetRivers,750,18.88%,2026-03-17 13:46
Soccer (Champions League),Atalanta BC @ Bayern Munich,Bayern Munich,BetRivers,-335,11.69%,2026-03-17 13:46
Soccer (Champions League),Atalanta BC @ Bayern Munich,Atalanta BC,BetOnline.ag,720,14.69%,2026-03-17 13:46
Soccer (Champions League),Atalanta BC @ Bayern Munich,Bayern Munich,BetOnline.ag,-300,14.69%,2026-03-17 13:46
Soccer (Champions League),Atalanta BC @ Bayern Munich,Bayern Munich,BetUS,-300,14.69%,2026-03-17 13:46
Soccer (Champions League),Atalanta BC @ Bayern Munich,Bayern Munich,Bovada,-300,14.69%,2026-03-17 13:46
Soccer (Champions League),Atlético Madrid @ Tottenham Hotspur,Tottenham Hotspur,BetMGM,150,24.27%,2026-03-17 13:46
Soccer (Champions League),Atlético Madrid @ Tottenham Hotspur,Atlético Madrid,BetRivers,148,24.72%,2026-03-17 13:46
Soccer (Champions League),Atlético Madrid @ Tottenham Hotspur,Atlético Madrid,Bovada,148,24.72%,2026-03-17 13:46
Soccer (Champions League),Galatasaray @ Liverpool,Liverpool,BetMGM,-325,15.47%,2026-03-17 13:46
Soccer (Champions League),Galatasaray @ Liverpool,Galatasaray,FanDuel,900,16.99%,2026-03-17 13:46
Soccer (Champions League),Galatasaray @ Liverpool,Liverpool,FanDuel,-390,10.94%,2026-03-17 13:46
Soccer (Champions League),Galatasaray @ Liverpool,Galatasaray,BetRivers,950,22.84%,2026-03-17 13:46
Soccer (Champions League),Galatasaray @ Liverpool,Liverpool,BetRivers,-420,9.32%,2026-03-17 13:46
Soccer (Champions League),Galatasaray @ Liverpool,Galatasaray,BetOnline.ag,865,12.9%,2026-03-17 13:46
Soccer (Champions League),Galatasaray @ Liverpool,Liverpool,BetOnline.ag,-359,12.9%,2026-03-17 13:46
Soccer (Champions League),Galatasaray @ Liverpool,Galatasaray,BetUS,855,11.73%,2026-03-17 13:46
Soccer (Champions League),Galatasaray @ Liverpool,Liverpool,BetUS,-365,12.49%,2026-03-17 13:46
Soccer (Champions League),Galatasaray @ Liverpool,Galatasaray,Bovada,825,8.22%,2026-03-17 13:46
Soccer (Champions League),Galatasaray @ Liverpool,Liverpool,Bovada,-365,12.49%,2026-03-17 13:46
Soccer (Europa League),Ferencváros TC @ SC Braga,Ferencváros TC,BetMGM,525,16.43%,2026-03-17 13:46
Soccer (Europa League),Ferencváros TC @ SC Braga,SC Braga,BetMGM,-200,22.06%,2026-03-17 13:46
Soccer (Europa League),Ferencváros TC @ SC Braga,Ferencváros TC,FanDuel,550,21.08%,2026-03-17 13:46
Soccer (Europa League),Ferencváros TC @ SC Braga,SC Braga,FanDuel,-240,15.28%,2026-03-17 13:46
Soccer (Europa League),Ferencváros TC @ SC Braga,Ferencváros TC,BetRivers,525,16.43%,2026-03-17 13:46
Soccer (Europa League),Ferencváros TC @ SC Braga,SC Braga,BetRivers,-210,20.12%,2026-03-17 13:46
Soccer (Europa League),Ferencváros TC @ SC Braga,Ferencváros TC,BetUS,500,11.77%,2026-03-17 13:46
Soccer (Europa League),Ferencváros TC @ SC Braga,SC Braga,BetUS,-208,20.49%,2026-03-17 13:46
Soccer (Europa League),Ferencváros TC @ SC Braga,Ferencváros TC,Bovada,500,11.77%,2026-03-17 13:46
Soccer (Europa League),Ferencváros TC @ SC Braga,SC Braga,Bovada,-208,20.49%,2026-03-17 13:46
Soccer (Europa League),Ferencváros TC @ SC Braga,Ferencváros TC,DraftKings,550,21.08%,2026-03-17 13:46
Soccer (Europa League),Ferencváros TC @ SC Braga,SC Braga,DraftKings,-205,21.07%,2026-03-17 13:46
Soccer (Europa League),Ferencváros TC @ SC Braga,Ferencváros TC,BetOnline.ag,540,19.22%,2026-03-17 13:46
Soccer (Europa League),Ferencváros TC @ SC Braga,SC Braga,BetOnline.ag,-215,19.22%,2026-03-17 13:46
Soccer (Europa League),Nottingham Forest @ FC Midtjylland,Nottingham Forest,BetRivers,102,23.22%,2026-03-17 13:46
Soccer (Europa League),Nottingham Forest @ FC Midtjylland,FC Midtjylland,Bovada,220,24.81%,2026-03-17 13:46
Soccer (Europa League),Nottingham Forest @ FC Midtjylland,FC Midtjylland,BetUS,220,24.81%,2026-03-17 13:46
Soccer (Europa League),KRC Genk @ SC Freiburg,KRC Genk,BetMGM,425,17.5%,2026-03-17 13:46
Soccer (Europa League),KRC Genk @ SC Freiburg,SC Freiburg,BetMGM,-165,24.66%,2026-03-17 13:46
Soccer (Europa League),KRC Genk @ SC Freiburg,KRC Genk,FanDuel,430,18.62%,2026-03-17 13:46
Soccer (Europa League),KRC Genk @ SC Freiburg,SC Freiburg,FanDuel,-190,18.47%,2026-03-17 13:46
Soccer (Europa League),KRC Genk @ SC Freiburg,SC Freiburg,BetRivers,-195,17.42%,2026-03-17 13:46
Soccer (Europa League),KRC Genk @ SC Freiburg,KRC Genk,Bovada,445,21.97%,2026-03-17 13:46
Soccer (Europa League),KRC Genk @ SC Freiburg,SC Freiburg,Bovada,-178,21.23%,2026-03-17 13:46
Soccer (Europa League),KRC Genk @ SC Freiburg,KRC Genk,DraftKings,450,23.09%,2026-03-17 13:46
Soccer (Europa League),KRC Genk @ SC Freiburg,SC Freiburg,DraftKings,-170,23.28%,2026-03-17 13:46
Soccer (Europa League),KRC Genk @ SC Freiburg,KRC Genk,BetOnline.ag,445,21.97%,2026-03-17 13:46
Soccer (Europa League),KRC Genk @ SC Freiburg,SC Freiburg,BetOnline.ag,-175,21.97%,2026-03-17 13:46
Soccer (Europa League),KRC Genk @ SC Freiburg,KRC Genk,BetUS,445,21.97%,2026-03-17 13:46
Soccer (Europa League),KRC Genk @ SC Freiburg,SC Freiburg,BetUS,-178,21.23%,2026-03-17 13:46
Soccer (Europa League),Bologna @ AS Roma,AS Roma,FanDuel,-145,23.09%,2026-03-17 13:46
Soccer (Europa League),Bologna @ AS Roma,Bologna,BetMGM,360,24.9%,2026-03-17 13:46
Soccer (Europa League),Bologna @ AS Roma,AS Roma,BetRivers,-141,24.51%,2026-03-17 13:46
Soccer (Europa League),Bologna @ AS Roma,Bologna,Bovada,355,23.55%,2026-03-17 13:46
Soccer (Europa League),Bologna @ AS Roma,Bologna,BetUS,355,23.55%,2026-03-17 13:46
Soccer (Europa League),Lille @ Aston Villa,Aston Villa,FanDuel,-170,18.63%,2026-03-17 13:46
Soccer (Europa League),Lille @ Aston Villa,Aston Villa,BetMGM,-150,24.48%,2026-03-17 13:46
Soccer (Europa League),Lille @ Aston Villa,Lille,BetRivers,380,21.48%,2026-03-17 13:46
Soccer (Europa League),Lille @ Aston Villa,Aston Villa,BetRivers,-150,24.48%,2026-03-17 13:46
Soccer (Europa League),Lille @ Aston Villa,Aston Villa,Bovada,-162,20.8%,2026-03-17 13:46
Soccer (Europa League),Lille @ Aston Villa,Aston Villa,DraftKings,-150,24.48%,2026-03-17 13:46
Soccer (Europa League),Lille @ Aston Villa,Lille,BetOnline.ag,388,23.51%,2026-03-17 13:46
Soccer (Europa League),Lille @ Aston Villa,Aston Villa,BetOnline.ag,-153,23.51%,2026-03-17 13:46
Soccer (Europa League),Lille @ Aston Villa,Aston Villa,BetUS,-162,20.8%,2026-03-17 13:46
Soccer (Europa League),Panathinaikos FC @ Real Betis,Panathinaikos FC,FanDuel,700,21.16%,2026-03-17 13:46
Soccer (Europa League),Panathinaikos FC @ Real Betis,Real Betis,FanDuel,-300,13.14%,2026-03-17 13:46
Soccer (Europa League),Panathinaikos FC @ Real Betis,Panathinaikos FC,BetMGM,600,6.02%,2026-03-17 13:46
Soccer (Europa League),Panathinaikos FC @ Real Betis,Real Betis,BetMGM,-235,20.96%,2026-03-17 13:46
Soccer (Europa League),Panathinaikos FC @ Real Betis,Panathinaikos FC,BetRivers,700,21.16%,2026-03-17 13:46
Soccer (Europa League),Panathinaikos FC @ Real Betis,Real Betis,BetRivers,-250,18.8%,2026-03-17 13:46
Soccer (Europa League),Panathinaikos FC @ Real Betis,Panathinaikos FC,Bovada,650,13.59%,2026-03-17 13:46
Soccer (Europa League),Panathinaikos FC @ Real Betis,Real Betis,Bovada,-255,18.13%,2026-03-17 13:46
Soccer (Europa League),Panathinaikos FC @ Real Betis,Panathinaikos FC,DraftKings,650,13.59%,2026-03-17 13:46
Soccer (Europa League),Panathinaikos FC @ Real Betis,Real Betis,DraftKings,-240,20.21%,2026-03-17 13:46
Soccer (Europa League),Panathinaikos FC @ Real Betis,Panathinaikos FC,BetOnline.ag,680,18.13%,2026-03-17 13:46
Soccer (Europa League),Panathinaikos FC @ Real Betis,Real Betis,BetOnline.ag,-255,18.13%,2026-03-17 13:46
Soccer (Europa League),Panathinaikos FC @ Real Betis,Panathinaikos FC,BetUS,650,13.59%,2026-03-17 13:46
Soccer (Europa League),Panathinaikos FC @ Real Betis,Real Betis,BetUS,-255,18.13%,2026-03-17 13:46
Soccer (Liga MX),León @ Guadalajara,León,BetRivers,600,13.96%,2026-03-17 13:46
Soccer (Liga MX),León @ Guadalajara,Guadalajara,BetRivers,-278,13.83%,2026-03-17 13:46
Soccer (Liga MX),León @ Guadalajara,León,BetMGM,550,5.82%,2026-03-17 13:46
Soccer (Liga MX),León @ Guadalajara,Guadalajara,BetMGM,-235,19.35%,2026-03-17 13:46
Soccer (Liga MX),León @ Guadalajara,León,FanDuel,600,13.96%,2026-03-17 13:46
Soccer (Liga MX),León @ Guadalajara,Guadalajara,FanDuel,-260,15.92%,2026-03-17 13:46
Soccer (Liga MX),León @ Guadalajara,León,Bovada,550,5.82%,2026-03-17 13:46
Soccer (Liga MX),León @ Guadalajara,Guadalajara,Bovada,-260,15.92%,2026-03-17 13:46
Soccer (Liga MX),León @ Guadalajara,León,BetUS,590,12.33%,2026-03-17 13:46
Soccer (Liga MX),León @ Guadalajara,Guadalajara,BetUS,-240,18.6%,2026-03-17 13:46
Soccer (Liga MX),León @ Guadalajara,León,DraftKings,550,5.82%,2026-03-17 13:46
Soccer (Liga MX),León @ Guadalajara,Guadalajara,DraftKings,-245,17.89%,2026-03-17 13:46
Soccer (Liga MX),León @ Guadalajara,León,BetOnline.ag,625,18.03%,2026-03-17 13:46
Soccer (Liga MX),León @ Guadalajara,Guadalajara,BetOnline.ag,-244,18.03%,2026-03-17 13:46
Soccer (Liga MX),Tijuana @ Necaxa,Tijuana,BetRivers,175,14.84%,2026-03-17 13:46
Soccer (Liga MX),Tijuana @ Necaxa,Tijuana,FanDuel,190,21.1%,2026-03-17 13:46
Soccer (Liga MX),Tijuana @ Necaxa,Necaxa,Bovada,110,22.3%,2026-03-17 13:46
Soccer (Liga MX),Tijuana @ Necaxa,Necaxa,DraftKings,110,22.3%,2026-03-17 13:46
Soccer (Liga MX),Tijuana @ Necaxa,Tijuana,BetMGM,195,23.19%,2026-03-17 13:46
Soccer (Liga MX),Tijuana @ Necaxa,Necaxa,BetUS,110,22.3%,2026-03-17 13:46
Soccer (Liga MX),Cruz Azul @ Mazatlán FC,Cruz Azul,BetRivers,-215,16.37%,2026-03-17 13:46
Soccer (Liga MX),Cruz Azul @ Mazatlán FC,Mazatlán FC,BetRivers,500,23.45%,2026-03-17 13:46
Soccer (Liga MX),Cruz Azul @ Mazatlán FC,Cruz Azul,FanDuel,-210,17.25%,2026-03-17 13:46
Soccer (Liga MX),Cruz Azul @ Mazatlán FC,Mazatlán FC,FanDuel,500,23.45%,2026-03-17 13:46
Soccer (Liga MX),Cruz Azul @ Mazatlán FC,Cruz Azul,BetMGM,-190,21.23%,2026-03-17 13:46
Soccer (Liga MX),Cruz Azul @ Mazatlán FC,Mazatlán FC,BetMGM,450,13.16%,2026-03-17 13:46
Soccer (Liga MX),Cruz Azul @ Mazatlán FC,Cruz Azul,DraftKings,-195,20.16%,2026-03-17 13:46
Soccer (Liga MX),Cruz Azul @ Mazatlán FC,Mazatlán FC,DraftKings,450,13.16%,2026-03-17 13:46
Soccer (Liga MX),Cruz Azul @ Mazatlán FC,Cruz Azul,Bovada,-204,18.36%,2026-03-17 13:46
Soccer (Liga MX),Cruz Azul @ Mazatlán FC,Mazatlán FC,Bovada,460,15.22%,2026-03-17 13:46
Soccer (Liga MX),Cruz Azul @ Mazatlán FC,Cruz Azul,BetOnline.ag,-194,20.37%,2026-03-17 13:46
Soccer (Liga MX),Cruz Azul @ Mazatlán FC,Mazatlán FC,BetOnline.ag,485,20.37%,2026-03-17 13:46
Soccer (Liga MX),Cruz Azul @ Mazatlán FC,Cruz Azul,BetUS,-204,18.36%,2026-03-17 13:46
Soccer (Liga MX),Cruz Azul @ Mazatlán FC,Mazatlán FC,BetUS,460,15.22%,2026-03-17 13:46
Soccer (Liga MX),Querétaro @ Atlas,Querétaro,BetRivers,265,21.35%,2026-03-17 13:46
Soccer (Liga MX),Querétaro @ Atlas,Atlas,FanDuel,-120,22.38%,2026-03-17 13:46
Soccer (Liga MX),Querétaro @ Atlas,Querétaro,DraftKings,275,24.68%,2026-03-17 13:46
Soccer (Liga MX),América @ Pumas,Pumas,BetRivers,200,22.3%,2026-03-17 13:46
Soccer (Liga MX),América @ Pumas,Pumas,BetMGM,200,22.3%,2026-03-17 13:46
Soccer (Liga MX),Toluca @ Pachuca,Pachuca,BetRivers,260,19.62%,2026-03-17 13:46
Soccer (Liga MX),Toluca @ Pachuca,Toluca,FanDuel,-120,22.41%,2026-03-17 13:46
Soccer (Liga MX),Toluca @ Pachuca,Pachuca,FanDuel,260,19.62%,2026-03-17 13:46
Soccer (Liga MX),Toluca @ Pachuca,Pachuca,Bovada,270,22.95%,2026-03-17 13:46
Soccer (Liga MX),Toluca @ Pachuca,Pachuca,DraftKings,265,21.29%,2026-03-17 13:46
Soccer (Liga MX),Toluca @ Pachuca,Pachuca,BetUS,270,22.95%,2026-03-17 13:46
Soccer (Liga MX),Puebla @ Santos Laguna,Puebla,BetRivers,138,13.63%,2026-03-17 13:46
Soccer (Liga MX),Tigres @ FC Juárez,FC Juárez,BetRivers,230,24.56%,2026-03-17 13:46
Soccer (EFL Championship),Norwich City @ Southampton,Southampton,BetRivers,-120,22.17%,2026-03-17 13:47
Soccer (EFL Championship),Norwich City @ Southampton,Norwich City,BetMGM,250,16.76%,2026-03-17 13:47
Soccer (EFL Championship),Norwich City @ Southampton,Norwich City,FanDuel,270,23.43%,2026-03-17 13:47
Soccer (EFL Championship),Norwich City @ Southampton,Norwich City,DraftKings,265,21.77%,2026-03-17 13:47
Soccer (EFL Championship),Norwich City @ Southampton,Norwich City,Bovada,265,21.77%,2026-03-17 13:47
Soccer (EFL Championship),Norwich City @ Southampton,Norwich City,BetUS,265,21.77%,2026-03-17 13:47
NBA,Detroit Pistons @ Washington Wizards,Washington Wizards,BetMGM,1200,15.35%,2026-03-17 13:54
NBA,Detroit Pistons @ Washington Wizards,Washington Wizards,Bovada,1100,6.48%,2026-03-17 13:54
NCAAB,South Alabama Jaguars @ Auburn Tigers,South Alabama Jaguars,FanDuel,1400,12.89%,2026-03-17 13:55
NCAAB,Troy Trojans @ Nebraska Cornhuskers,Troy Trojans,FanDuel,740,6.08%,2026-03-17 13:55
NCAAB,McNeese Cowboys @ Vanderbilt Commodores,McNeese Cowboys,FanDuel,570,16.04%,2026-03-17 13:55
NCAAB,North Dakota St Bison @ Michigan St Spartans,North Dakota St Bison,FanDuel,1100,6.93%,2026-03-17 13:55
NCAAB,Hawai'i Rainbow Warriors @ Arkansas Razorbacks,Hawai'i Rainbow Warriors,FanDuel,860,3.11%,2026-03-17 13:55
NCAAB,VCU Rams @ North Carolina Tar Heels,VCU Rams,Bovada,135,2.92%,2026-03-17 13:55
NCAAB,Pennsylvania Quakers @ Illinois Fighting Illini,Pennsylvania Quakers,BetRivers,2200,5.54%,2026-03-17 13:55
NCAAB,Pennsylvania Quakers @ Illinois Fighting Illini,Pennsylvania Quakers,BetMGM,2500,19.31%,2026-03-17 13:55
NCAAB,Kennesaw St Owls @ Gonzaga Bulldogs,Kennesaw St Owls,FanDuel,1600,5.45%,2026-03-17 13:55
NCAAB,Idaho Vandals @ Houston Cougars,Idaho Vandals,DraftKings,2200,5.54%,2026-03-17 13:55
NCAAB,Idaho Vandals @ Houston Cougars,Idaho Vandals,BetMGM,2500,19.31%,2026-03-17 13:55
NCAAB,Wright St Raiders @ Virginia Cavaliers,Wright St Raiders,FanDuel,1400,10.28%,2026-03-17 13:55
NCAAB,Wright St Raiders @ Virginia Cavaliers,Wright St Raiders,DraftKings,1300,2.93%,2026-03-17 13:55
NCAAB,Tennessee St Tigers @ Iowa State Cyclones,Tennessee St Tigers,DraftKings,2200,5.54%,2026-03-17 13:55
NCAAB,Tennessee St Tigers @ Iowa State Cyclones,Tennessee St Tigers,BetMGM,2500,19.31%,2026-03-17 13:55
NCAAB,Queens University Royals @ Purdue Boilermakers,Queens University Royals,BetMGM,2800,19.12%,2026-03-17 13:55
NCAAB,Cal Baptist Lancers @ Kansas Jayhawks,Cal Baptist Lancers,FanDuel,890,11.45%,2026-03-17 13:55
NCAAB,Furman Paladins @ UConn Huskies,Furman Paladins,FanDuel,2000,22.26%,2026-03-17 13:55
NCAAB,Furman Paladins @ UConn Huskies,Furman Paladins,DraftKings,1700,4.79%,2026-03-17 13:55
NBA,Detroit Pistons @ Washington Wizards,Washington Wizards,BetMGM,1200,15.35%,2026-03-17 14:05
NBA,Detroit Pistons @ Washington Wizards,Washington Wizards,Bovada,1100,6.48%,2026-03-17 14:05
NCAAB,South Alabama Jaguars @ Auburn Tigers,South Alabama Jaguars,FanDuel,1400,12.89%,2026-03-17 14:05
NCAAB,Troy Trojans @ Nebraska Cornhuskers,Troy Trojans,FanDuel,740,6.08%,2026-03-17 14:05
NCAAB,McNeese Cowboys @ Vanderbilt Commodores,McNeese Cowboys,FanDuel,570,16.04%,2026-03-17 14:05
NCAAB,North Dakota St Bison @ Michigan St Spartans,North Dakota St Bison,FanDuel,1100,6.93%,2026-03-17 14:05
NCAAB,Hawai'i Rainbow Warriors @ Arkansas Razorbacks,Hawai'i Rainbow Warriors,FanDuel,860,3.11%,2026-03-17 14:05
NCAAB,VCU Rams @ North Carolina Tar Heels,VCU Rams,Bovada,135,2.92%,2026-03-17 14:05
NCAAB,Pennsylvania Quakers @ Illinois Fighting Illini,Pennsylvania Quakers,BetRivers,2200,5.54%,2026-03-17 14:05
NCAAB,Pennsylvania Quakers @ Illinois Fighting Illini,Pennsylvania Quakers,BetMGM,2500,19.31%,2026-03-17 14:05
NCAAB,Kennesaw St Owls @ Gonzaga Bulldogs,Kennesaw St Owls,FanDuel,1600,5.45%,2026-03-17 14:05
NCAAB,Idaho Vandals @ Houston Cougars,Idaho Vandals,DraftKings,2200,5.54%,2026-03-17 14:05
NCAAB,Idaho Vandals @ Houston Cougars,Idaho Vandals,BetMGM,2500,19.31%,2026-03-17 14:05
NCAAB,Wright St Raiders @ Virginia Cavaliers,Wright St Raiders,FanDuel,1400,10.28%,2026-03-17 14:05
NCAAB,Wright St Raiders @ Virginia Cavaliers,Wright St Raiders,DraftKings,1300,2.93%,2026-03-17 14:05
NCAAB,Tennessee St Tigers @ Iowa State Cyclones,Tennessee St Tigers,DraftKings,2200,5.54%,2026-03-17 14:05
NCAAB,Tennessee St Tigers @ Iowa State Cyclones,Tennessee St Tigers,BetMGM,2500,19.31%,2026-03-17 14:05
NCAAB,Queens University Royals @ Purdue Boilermakers,Queens University Royals,BetMGM,2800,19.12%,2026-03-17 14:05
NCAAB,Cal Baptist Lancers @ Kansas Jayhawks,Cal Baptist Lancers,FanDuel,890,11.45%,2026-03-17 14:05
NCAAB,Furman Paladins @ UConn Huskies,Furman Paladins,FanDuel,2000,22.26%,2026-03-17 14:05
NCAAB,Furman Paladins @ UConn Huskies,Furman Paladins,DraftKings,1700,4.79%,2026-03-17 14:05
NBA,Detroit Pistons @ Washington Wizards,Washington Wizards,BetMGM,1200,15.35%,2026-03-17 14:16
NBA,Detroit Pistons @ Washington Wizards,Washington Wizards,Bovada,1100,6.48%,2026-03-17 14:16
NCAAB,South Alabama Jaguars @ Auburn Tigers,South Alabama Jaguars,FanDuel,1400,12.89%,2026-03-17 14:16
NCAAB,Troy Trojans @ Nebraska Cornhuskers,Troy Trojans,FanDuel,740,6.08%,2026-03-17 14:16
NCAAB,McNeese Cowboys @ Vanderbilt Commodores,McNeese Cowboys,FanDuel,570,16.04%,2026-03-17 14:16
NCAAB,North Dakota St Bison @ Michigan St Spartans,North Dakota St Bison,FanDuel,1100,6.93%,2026-03-17 14:16
NCAAB,Hawai'i Rainbow Warriors @ Arkansas Razorbacks,Hawai'i Rainbow Warriors,FanDuel,860,3.11%,2026-03-17 14:16
NCAAB,VCU Rams @ North Carolina Tar Heels,VCU Rams,Bovada,135,2.92%,2026-03-17 14:16
NCAAB,Pennsylvania Quakers @ Illinois Fighting Illini,Pennsylvania Quakers,BetRivers,2200,5.54%,2026-03-17 14:16
NCAAB,Pennsylvania Quakers @ Illinois Fighting Illini,Pennsylvania Quakers,BetMGM,2500,19.31%,2026-03-17 14:16
NCAAB,Kennesaw St Owls @ Gonzaga Bulldogs,Kennesaw St Owls,FanDuel,1600,5.45%,2026-03-17 14:16
NCAAB,Idaho Vandals @ Houston Cougars,Idaho Vandals,DraftKings,2200,5.54%,2026-03-17 14:16
NCAAB,Idaho Vandals @ Houston Cougars,Idaho Vandals,BetMGM,2500,19.31%,2026-03-17 14:16
NCAAB,Wright St Raiders @ Virginia Cavaliers,Wright St Raiders,FanDuel,1400,10.28%,2026-03-17 14:16
NCAAB,Wright St Raiders @ Virginia Cavaliers,Wright St Raiders,DraftKings,1300,2.93%,2026-03-17 14:16
NCAAB,Tennessee St Tigers @ Iowa State Cyclones,Tennessee St Tigers,DraftKings,2200,5.54%,2026-03-17 14:16
NCAAB,Tennessee St Tigers @ Iowa State Cyclones,Tennessee St Tigers,BetMGM,2500,19.31%,2026-03-17 14:16
NCAAB,Queens University Royals @ Purdue Boilermakers,Queens University Royals,BetMGM,2800,19.12%,2026-03-17 14:16
NCAAB,Cal Baptist Lancers @ Kansas Jayhawks,Cal Baptist Lancers,FanDuel,890,11.45%,2026-03-17 14:16
NCAAB,Furman Paladins @ UConn Huskies,Furman Paladins,FanDuel,2000,22.26%,2026-03-17 14:16
NCAAB,Furman Paladins @ UConn Huskies,Furman Paladins,DraftKings,1700,4.79%,2026-03-17 14:16
NBA,Detroit Pistons @ Washington Wizards,Washington Wizards,FanDuel,1300,24.22%,2026-03-17 14:26
NBA,Detroit Pistons @ Washington Wizards,Washington Wizards,BetMGM,1200,15.35%,2026-03-17 14:26
NBA,Detroit Pistons @ Washington Wizards,Washington Wizards,Bovada,1100,6.48%,2026-03-17 14:26
